frequency,uv38_f220,uv38_f280,uv39_f220,uv39_f280,uv46_f220,uv46_f280,uv47_f220,uv47_f280,uv42_f220,uv42_f280,uv31_f220,uv31_f280
0.0,-0.015654019512918536,-0.01190162452634987,-0.01590166327537162,-0.01880143857984925,-0.012012446286502727,-0.00953139397474017,-0.0006044026596207024,0.004832131625001022,-0.006943202634507085,-0.016122006486814635,-0.0026080415460802415,-0.006425487832872856
1.9150249376558601,-0.004836222774416912,0.00069657209478715,0.009931411357028762,0.00507309238498115,0.012844926265921259,0.006837127999419473,0.04202853172524629,0.05097641732507813,0.017145946559404313,0.010136183960065904,0.04652183174463307,0.021730726149471042
3.8300498753117203,0.04472336481233383,0.060185863220818446,0.12916381862447165,0.11708003638737328,0.12629799639067218,0.07965081058850321,0.2200151946306893,0.24878163648711193,0.12611311319384574,0.1285386388654334,0.28910253027896293,0.1583999894380592
5.745074812967581,0.05553504272984088,0.07507839695134202,0.18805739224773696,0.18269391205875313,0.19012853643078936,0.10426099422220583,0.2417096109587669,0.3012296794877888,0.1445600559038486,0.18123407741225192,0.42833471322257227,0.22074118421356922
7.6600997506234405,0.0247678807627042,0.034671599747864795,0.1568171735723652,0.16332243344392963,0.14220196792021944,0.05539079406879613,0.1039346540924706,0.12932187973848852,0.07557695913836762,0.18153761017852943,0.15405243383151912,0.0853120549769827
9.5751246882793,0.022439635674518323,0.030621241276441346,0.09380649758488399,0.09006249731139666,0.12077437000773791,0.03372829355115458,0.05048912463887559,0.04995854000766457,0.102643495244905,0.1356818629682638,0.33777182529585775,0.1597523512508185
11.490149625935162,0.022561043497737295,0.03192750490880346,0.08045766317449937,0.08809537267692114,0.09629949833224777,0.02696957140351161,0.07363388854279043,0.0933998822988765,0.10875226788102184,0.2178533341502995,0.19744966246411977,0.08365786334314759
13.40517456359102,0.030836088449781505,0.034367994079093696,0.01554028500725308,0.012814226147171627,0.06004913182728476,0.014315294610548285,0.029388181338869446,0.049450625924034854,0.05715812085190619,0.13424517177380801,0.16256129422317073,0.06527140226294474
15.320199501246881,0.03175797625814148,0.038997074058415016,0.0533035031385747,0.04819250783862646,0.018025530619200963,0.01414991219821336,0.02241521004599875,0.034172762733362186,0.03165162865306417,0.03792656972200247,0.11235344393213921,0.04955793151960213
17.23522443890274,0.017118341594606172,0.024306753006352627,0.07783143933453636,0.07329591539187928,0.013094883312903316,0.009228800474202518,0.02687081282889786,0.05018018966591621,0.0311672665013579,0.08028763855576475,0.033288062577509714,0.01111227734990449
19.1502493765586,0.025843805067454692,0.03226547871374418,0.09710285536927835,0.09323963754434514,0.017060162675491448,0.010007024370222382,0.020705385392898092,0.022558932172106853,0.04242065109614715,0.06833035167074618,0.041820509903371966,0.022968979484519047
21.065274314214463,0.009597789139463082,0.010266923752800718,0.0222507706599625,0.028157221062841156,0.010047550455472603,0.009849912985981788,0.02436322657992391,0.03479870491310419,0.03006590120768475,0.09844605424174116,0.039999376325386846,0.026938417403977094
22.980299251870324,0.016930254460794266,0.02381807318130177,0.03845066026606473,0.0333597935017247,0.016079673910317675,0.007577745678153887,0.007007399988117471,0.0070482748114604026,0.10667395359469926,0.13875188857229384,0.08269580844112917,0.03800276647581597
24.895324189526185,0.032378593040050474,0.03872829079837682,0.031849530017958205,0.02255872775024624,0.014295660444932056,0.006567162697718618,0.021959372190188328,0.028319545130917046,0.056552114171862504,0.06727602799949568,0.18815290131927054,0.072884692463002
26.81034912718204,0.03258893784333275,0.04310429201667849,0.08542483984625503,0.08505749080335215,0.031810905614948065,0.0074939184013019305,0.016117314276219673,0.021189805154008624,0.10758044580275901,0.13259436965732993,0.19198464759406905,0.0727212106758648
28.7253740648379,0.027414219410203094,0.03365766713247818,0.05936987084284013,0.06632584425831976,0.03481069242997388,0.0063214763347761126,0.012329604047181468,0.017877572721901828,0.09399121607289339,0.09828353449470927,0.10430189418922216,0.0374808562606913
30.640399002493762,0.014993113702899429,0.016835965673728543,0.009794701606431888,0.015102649774154141,0.06837552459944754,0.015791116607881624,0.010377630414955237,0.013093436049994349,0.04472991051553169,0.076750967550207,0.049291158305721124,0.011497010998304205
32.55542394014962,0.014035740049605908,0.017380902206542766,0.016144890303916665,0.0061295095095365935,0.08857501833512316,0.019297414305143406,0.012788052764246396,0.011173316374411827,0.05610408258536429,0.09537707751981662,0.037972214785625256,0.01616467719826016
34.47044887780548,0.0021345930460218315,0.002094161151549895,0.012423291064434419,0.007351746929297902,0.005846770451973181,0.0031159719175240875,0.01134152399238229,0.016438766979693435,0.048308758994157104,0.09896665004243822,0.12169990456772474,0.050323884001520394
36.38547381546134,0.005723230294838072,0.014377428355656542,0.011685525312946097,0.0073522937795202385,0.008386219315289456,0.006507127700457121,0.0004686363883646249,0.002301068472389098,0.028022199570403993,0.08375203092144516,0.11370613298974587,0.049263762990048594
38.3004987531172,-0.0007393693616013112,0.0025919888804279033,0.022562906757887906,0.015033060822969709,0.022235919477361175,0.008479513013837361,-0.00156680530908949,-0.0031015079251689513,0.02738253538908656,0.029108813745271234,0.18171600916522518,0.07297750773923707
40.21552369077306,0.0049777953360361435,0.012798361620979753,0.018173532895421046,0.010462008488012521,0.021428842697390895,0.005279402367811203,0.0018675211784011346,0.005357954721379223,0.01289961871870887,0.014462212063413917,0.1520183029847476,0.06428790308538884
42.130548628428926,0.011877082947735495,0.02195200855321704,-0.001004279015454273,0.0026663160036665616,0.005729144161103338,0.0018876152899296324,0.012723479624509794,0.022601365401135144,0.02258796528416334,0.0725139953386687,0.11103668630621195,0.04542468441335696
44.045573566084784,0.01397473927769753,0.02164021376373534,0.014421707222104415,0.02028689978858116,-0.0035700162473095275,0.0017349468878979403,0.010008668302780284,0.007800486769438989,0.042581825135384076,0.14792241493541702,0.1603145299419715,0.0596481418980939
45.96059850374065,0.0036411518958102853,0.004707835841091036,-0.0003268767234680091,-0.0026887948328605665,-0.0004751149922708859,0.0045800166993351325,0.004647485414425716,0.0004087163360011817,0.016519949034131256,0.06963972055345151,0.12359748936272727,0.048317597778994775
47.875623441396506,0.01897088855863293,0.018499251773551047,0.007308687677942082,0.007759460970492568,0.004791066909067744,0.0030430585199106184,0.003048571092486036,0.0050804203129055136,0.020526593892308067,0.01618865942883637,0.005306997773303004,0.005049923769069811
49.79064837905237,0.012606542872657318,0.013712397430525599,0.014619674976379704,0.014617902857383642,0.0002629583212193601,0.00028623560371459066,0.0074677815006696366,0.005574093652253618,0.04828785331642904,0.10486994411535921,0.010084594925915086,0.0036109767035727943
51.70567331670822,0.0023359924844683472,0.003471455507624193,-0.004529167543698994,-0.006506338718343368,0.007378448089930107,0.005875151654662013,0.00200370398120209,-0.006566935163707316,0.03806384662755505,0.08104600066172343,0.019406392968336638,0.003967334088851134
53.62069825436408,0.007180073198439132,0.013629901503202767,0.002508733401233338,2.262729360641377e-05,0.006705406569358999,0.004329469840297414,0.006231669054821765,0.0051156459679105246,0.014958173900425389,0.03417025473292836,0.011456809300683804,0.0019559871188909368
55.535723192019944,0.004634772271663634,0.013113427600726014,0.006916815095188746,0.005586074435509742,0.03892900813743475,0.006978549945367506,0.012949490226423872,0.022379767639061004,0.020176708770349404,0.029663765647936834,-0.004583905746154315,0.00042734855134079005
57.4507481296758,0.010073673646900162,0.021736358900741375,0.007534338666337865,0.005383283917007586,0.029975456666736514,0.006297943596710005,0.019967296030367836,0.03242665219478107,0.028381566683582587,0.028502590348632652,0.06933924427471252,0.025167135901355043
59.365773067331666,0.01168300008972533,0.019321882167273763,0.03352462799665446,0.028839290034113615,0.011240857093275759,0.004252282135295973,0.016315515911342324,0.02764117600047964,0.03048153953356082,0.05132795738686194,0.11638860450417642,0.04467502022449562
61.280798004987524,-0.0005308840767269463,0.005857912909865622,0.014583394683124777,0.008199807053783613,0.02640180835565999,0.00517711547568167,-0.001734771106722495,0.004529833537855167,0.026081031305197833,0.05615314173225315,0.11620791136837859,0.045117532457376465
63.19582294264339,0.00550243966307393,0.008479026766917513,0.0005754284839209848,-0.0007338430590358319,0.02204130717985792,3.876771228846284e-05,0.005704113777300088,0.014293541892628497,0.010443915267933443,0.010671824423978758,0.06053418039601365,0.02366425187621866
65.11084788029925,0.009016566658299034,0.018171109269906283,0.0019030509706652208,-0.000678491069199899,0.033264755674623156,0.0015019480943756118,0.0013689998971977754,-0.00033139332335203886,0.015896876983471378,0.027637446806374512,0.0016794420896231587,0.010173157984668404
67.0258728179551,0.0012392331479064574,0.0014739718214575941,0.004522324062332421,0.00034397974587698394,0.046755705861672846,0.004840564166181568,0.007494971982938704,0.014518593838302556,0.01549985517325909,0.06229738130469366,0.04599020233761339,0.020749627932373893
68.94089775561096,0.004443287317227965,0.008580361928772375,-0.0008975106320198466,-0.005040828415962581,0.012248769258610391,0.003371427973517082,0.003807286414026668,0.005135018989386146,0.008675140461685637,0.01570821492944139,0.0629027040755331,0.02806715140205148
70.85592269326683,0.006896252355636216,0.016419564577765614,-0.0027006525891204334,-0.009117934660796839,-0.008707420713451559,0.0006755235356371651,0.0018301583215790463,-0.0001759511061851177,0.011829981677130848,0.0018161267756873455,0.070552280154804,0.02754761484400117
72.77094763092268,0.012000357054869027,0.023645497424404312,0.006046533885402321,-0.0004622629091151609,0.03621342065404004,0.003762556655647742,0.0014590381181363355,0.0007356302531754634,0.013191058332239509,0.012266781208255287,0.09173282890180752,0.03287825595190383
74.68597256857855,0.0017186013975110427,0.009471283241918916,0.004341485317186358,-0.002319417308387017,0.06534440070638071,0.014730702404619465,0.010099872210873126,0.01559368382276228,0.0038010860954822267,0.006295793920739202,0.06491582790705809,0.02103274040589438
76.6009975062344,0.00147412089319497,0.0037792178749388866,-0.0002811624478201604,-0.006498456070323899,0.022164621724586143,0.004130626700774381,0.0027582478871657915,0.004674551183246762,0.01420342314527845,0.020002155560379698,0.03155968881653988,0.012640832316002206
78.51602244389028,0.0022400938111335183,0.007265741699361685,0.0017246544479491794,-0.0006803288874603964,0.0003325958357393955,0.0008060393131710628,0.0035949374875227655,0.012636847399132265,0.01241816415493761,0.018142433376267895,0.03357883557389763,0.013272247433041354
80.43104738154612,-0.0010045605037550683,0.0018773554769021578,0.009547506237019126,0.003024345954235778,-0.0004645375201275435,-0.00045918230771068585,0.005698680496161455,0.0164736733549401,0.011643858632741382,0.010432351574080692,0.03326066475294637,0.016321942381696413
82.34607231920198,0.0017259767810503992,0.002283874175326015,0.0024666834997252598,-0.008096736443359,0.027954485510184875,0.004875296422677013,-0.0002598802648719747,0.00040642054146827755,0.009153603413075351,0.01898136168970205,0.03304720855194209,0.011418607758795985
84.26109725685785,0.0003955217899025933,0.0018299306580366556,0.0015884938461814112,-0.0011569182597098294,0.029472082270079716,0.006273117506379568,0.008285118572055982,0.00857367851343861,0.014499984545869942,0.021481954740776434,-0.003384191913522538,-0.001291409665859586
86.17612219451371,-0.002039949128393877,0.0008807737761369628,0.007318674769961174,0.0033492330435283746,-0.0053431133693643326,0.0006831676158432318,0.01692581721475376,0.022164606951516376,0.018123914854925274,0.07025942286838562,0.002700000972703315,0.0037252675774866757
88.09114713216957,0.00038203224853271625,0.005114798869303637,-0.0038808341612281707,-0.005357913654448297,-0.004355725996621518,-0.001363663443640624,0.008491281110037734,0.01026749621873081,0.012932528666729594,0.031552259222124256,0.06480032642225096,0.028033675900480788
90.00617206982542,0.0071087173134568886,0.012058312844756483,0.008641026566292702,0.006958532348663091,0.008904092315855093,0.002993132088326145,0.011950351396808216,0.009593812000843697,0.0030308283413136884,0.007798324323656342,0.023567134775514913,0.010830753862461717
91.9211970074813,0.005596121226213567,0.008944322988807886,0.023308875883190548,0.01961601453473745,0.01786293102333417,0.005814805079919259,0.0029804101083545954,-0.004189390814431862,0.010281924002203915,0.00812893554495145,0.02203036035868733,0.007624980822677663
93.83622194513714,0.0016480476442543674,0.001173474258486827,0.0017231107875477253,-0.00569981682068627,0.02708421612146831,0.007152286575996336,0.001466737342049342,-0.006583041318732712,0.005041570437373872,-0.0033618650228742055,0.024471559642233992,0.009789206017829698
95.75124688279301,0.005878554831334502,0.006637954419346974,-0.0004773998770643268,-0.0021739741287407134,0.017351982011113785,0.0025025597417787033,0.008727616929158024,0.0018322640553938528,0.006664600079685408,0.0035717544785286025,0.011965742033558857,0.004004776981634873
97.66627182044887,0.0013201539754873239,0.0007947048963016726,0.009466187493996133,0.005418701002466301,0.008985127545037358,0.001607314217131274,0.007874975383185497,0.010738669655582532,0.015239820562364066,0.026865108157389114,0.032149815920571485,0.01370322380822376
99.58129675810474,0.0035358087881992716,0.004707934637593739,-0.0024409577623619545,-0.007620006746620516,0.00857715643963053,0.002348707899956079,0.007588312936559062,0.0126886182955627,0.016103891845448005,0.04621775540530213,0.03796133200048806,0.014831530925303014
101.49632169576059,0.009253320155809909,0.012414412453318337,-0.002989988706114858,-0.008124456576695017,0.006858475890076195,0.0016810711693743216,0.010517522352715577,0.011705693570421189,0.012640201652131323,0.04968726679455036,-8.768821705164973e-05,0.002716609532253898
103.41134663341644,0.011652696903537022,0.009688284390606646,0.0029399657735463963,9.913784780452421e-05,0.0028224815799379856,0.0023491474884352096,0.00686840587597045,0.006143170316722226,0.0077705025365626176,0.005609602705441775,0.021886056940715815,0.013246000025022155
105.32637157107231,0.005848803134528162,0.004805449021234839,-0.0031544783287139003,-0.0027012445112678083,0.03559241745149417,0.007142255879486603,0.0035245353508922,0.0006879120899956799,0.008442316527274115,0.0020626826230759803,-0.0014716081647911945,0.002080600998680326
107.24139650872816,0.00796704741500619,0.006745710962892158,-0.00035745391115307333,-0.004010793217243326,0.07095586205106957,0.011838252642567737,0.0032555323171979955,0.005001121224496166,0.011473867751269037,0.006102339068789775,0.004151043633816619,0.00921018011999287
109.15642144638403,0.007843409699513495,0.00952687683429329,-0.005339900066012461,-0.00963694063598067,0.06347659051227089,0.008822183689274898,0.005288924101811932,0.0028807070982728895,0.021203787761723124,0.01806016083695508,0.009477213145623711,0.010495904233483958
111.07144638403989,0.0036113393564324967,0.0019983845496270524,-0.0032588879319508496,-0.006871290486514987,0.03523869508397967,0.005090637088973811,0.006668659252555417,0.0028445158056674517,0.021396642208400415,0.028116295307944846,0.03844658229985832,0.01752170095245279
112.98647132169576,0.001559562581831448,0.007511789788055405,-0.00420131190702944,-0.003474445769144817,0.055075900614604045,0.00620757094514344,0.008613728801109768,0.001014946668200974,0.008307323262189208,0.01657473145565721,0.038661527600774286,0.020047084772164724
114.9014962593516,0.010481106534656203,0.015686738508853843,-0.0033403938002462856,-0.007310049194820012,0.058680884770146886,0.011181637431196155,0.00267935804829127,-0.0011993130628643839,0.0018430956931696982,0.01682057756649482,0.02749053440390068,0.016063723325936665
116.81652119700748,0.003182768703821331,0.005352417566835665,-0.0013785531411978638,-0.004722480978258789,0.031030056691431003,0.007212563234007044,0.002979176661920339,-0.008817539751284484,0.0010364737975827067,0.010698658569514833,0.022867206310138624,0.01692281516450261
118.73154613466333,-0.0017422886449347183,-0.0033718160545324954,-0.0025126692098313397,-0.002089984430355784,-0.0026234390177568303,0.0021375858925554905,0.0037168435036853877,-0.0013881370000180197,0.0008391228610503526,0.00731505377960845,0.002838439929805012,0.0018078165664775331
120.6465710723192,0.0016355498613243044,0.0023962218607897177,-0.0020874277575120494,-0.005956588030336033,-0.006360030909177815,0.002124301858485512,0.003199797584802586,0.0006103848728577529,0.010483994656476621,0.02504077540308827,-0.0008117278828771082,0.0034053983543319713
122.56159600997505,0.0021492008495574704,0.004815538111210788,0.0015930360691827185,0.00083041385532718,0.007557205221247317,9.8132099391157e-05,0.0034870192316729266,-0.0001330748396030872,0.01402569687971214,0.03481770087142736,-0.0037053448831475145,0.003717019646434488
124.4766209476309,0.00047144822012807166,0.00012370851591119868,0.0056364859367996,0.0060806940179484875,0.005442232480940025,0.00459717976964569,0.0038767995123061465,0.000965475516945114,0.00840716847099749,0.021590979010323634,0.01813060831883566,0.013740253556572006
126.39164588528678,0.0010484979537991772,0.005030064473951507,0.0006846101939267636,-0.002460252807925366,0.007815764734997475,0.003059275192497783,0.002331626201252375,0.006142345697532213,0.0102578388977807,0.023532690436771635,0.0012873962275325563,0.00954569875814968
128.30667082294264,-0.0008242156710180805,0.005693064282605431,0.0013312459029245288,0.0015935458031412727,0.0225643936687742,0.0058671407666674395,0.010597584305959246,0.01873371561282645,0.004224611688754963,0.019154380495515138,0.05497759637017629,0.029441505370232605
130.2216957605985,-0.0009337472319876429,6.778156997080911e-05,0.004636576433656791,0.0008691160808550452,-0.0015748513632321821,0.002424310505440534,0.0031170959420030904,0.0045722456596941075,0.00516198323575219,0.027625442113284687,0.03996895869353039,0.02140252138026458
132.13672069825435,-0.00024413401410907848,0.0006583200303569347,-0.006492599246380115,-0.007965591479249594,0.009337347676983573,0.0032422966344761144,0.001137812835068287,0.0003173334365951363,0.010147840406033028,0.030854826965132594,0.004390854387400947,0.004921517539016022
134.0517456359102,-0.0019395837724447392,0.002520748875328663,-0.006263878674665464,-0.007364218261508004,0.0001434669046539984,0.0038732607892010733,0.016080191004393448,0.025099979819095064,0.001782240834680239,0.00352202291675914,0.0049087389211850165,0.0045880570749095495
135.96677057356607,-0.003872612866500522,0.0002774501385675896,0.000897047787749909,-0.0035057949948630314,-0.006250025403927865,0.0043343211358610545,0.006943095942830433,0.01285419745305479,0.01116794477449538,0.0267845398790625,0.03823187745465572,0.020610353521785755
137.88179551122192,-0.0038262599987032935,0.0014967304656436327,0.0023522713336678915,0.0008994726012714592,0.017219525100442893,0.005295890697403334,0.016365895086453548,0.026043920458019156,0.013828843781259535,0.021589345607569536,0.024169994492763018,0.018993477789568614
139.7968204488778,-0.0005856023323929228,0.00424256248121437,0.00579943337961551,0.004558883528216334,-0.008014336547972428,0.002374021855107757,0.022991234528594903,0.03940268911253309,0.004165266301323727,0.010556233476250804,0.001959523760907104,0.009642856119876272
141.71184538653367,0.006286149821059661,0.010995392378384643,-0.0004505003968986702,-0.0043032616751605525,0.01571499969587122,0.005917483232557124,0.008970002438551384,0.018545405804751187,-6.533194029852213e-05,0.014355918167729841,0.016123409614116745,0.009830760654035722
143.62687032418953,-0.003989237407441729,0.0024909701171858686,0.00045189745333682596,0.0009887244379430864,0.008505567483187001,0.005820405696504677,-0.003049148411095952,-0.0011602698788385594,0.0006412067681375285,0.0019268607500238352,0.014939930280903034,0.0058364155504388735
145.54189526184535,-0.0016854935530436687,0.007003622100672691,0.009058453668121628,0.006112768290532585,0.003542119697530809,0.003844038020132346,0.0035494388095469965,0.009739601659084891,0.002677723032051173,0.0014801654266177243,0.009729106752855354,0.006432299075149908
147.4569201995012,0.0015552828295145279,0.0059858546534816435,0.009996039174759632,0.0013651841804919352,0.035441495409080585,0.007915175890938203,0.0038974168175019462,0.005148796341512257,0.0042009829818055195,0.008023340599840006,-0.009207653301372097,0.002557392605112179
149.3719451371571,0.00035439704609891744,0.003310406062592388,0.0011272347893101183,-0.006438047942039549,0.021168033130690145,0.005966525242893855,0.0024250286125106933,0.0021204317115487946,-2.4001197278928924e-05,-0.0031085538295344654,-0.006010076143925286,0.0002608073040265443
151.28697007481296,0.004312374127376756,0.009875139493703701,-0.0014718917901851893,-0.0061788519890793306,0.003914489331527216,0.003896112198991429,-0.0017302875179458863,0.000573900838759667,0.0009801518286609333,-0.0018040634933446772,0.010934024406661927,0.0062347764941941
153.2019950124688,-0.00130206892299442,0.0018788649322078826,0.00245923112724395,-0.004444712604954522,-0.0028927330213897712,0.001483404349491797,0.010979942982834705,0.021898381714612513,-0.00039776369327233676,0.01047848268734315,0.019055192002020046,0.009607313353691289
155.11701995012467,-0.0013240723398545067,-4.30373307545491e-05,0.0026342757636988127,-0.003650884180482862,0.0013278348532107804,0.002030726788414091,0.022611453418721186,0.035651836533516806,0.0044455624148547505,0.003371482181882379,0.008729826512764645,0.0035959039664176257
157.03204488778056,-0.002490155624011539,0.0007317053929726733,-0.0022239856624100556,-0.005070467558295097,0.001692371853884999,0.0013770761647258754,0.008679314166637309,0.017879911480685923,0.00738035077118202,0.006793367594330828,0.011061627566152232,0.0016627526251607576
158.94706982543642,0.0023730171463533485,0.005234289752525083,0.0012060360527336696,-0.007472977367920738,0.014998390079630778,0.001589656744302518,-0.002802473064327545,-0.005021291147513221,-0.004166636444823061,-0.003978372516612689,0.008144606460213312,0.0037171770490433314
160.86209476309224,-0.00046201818490140427,0.0010467908989296652,0.001482359841112889,0.0023177146681105255,0.006457064245820628,0.0025403321105180498,0.0040305714265484755,0.0027409675392741214,0.003832119099923518,0.0050236326859806136,0.009409994255468356,0.010133252415533206
162.7771197007481,0.0016197836646705797,0.000760547087298173,3.495404924049984e-05,-0.005788148007987094,-0.001795582660825435,0.000831994219045301,0.007624870504475896,0.013565032544341217,0.00022899218081741315,0.005303189977619882,0.009895465306657818,0.003992050369203251
164.69214463840396,0.008060377273784721,0.012066007253728367,0.0056833114292232775,0.0023491898058870405,-0.005286489740993165,0.001094393309363074,-0.00283012285393258,-0.004341142892522099,-0.00114639885695149,-0.004206165348181942,0.0005546291305470811,0.0017350012296117445
166.60716957605985,0.002232958548048211,0.00618394887809088,0.012108372707501435,0.011184128579198154,0.003053651657416447,0.002462495879505348,0.007680239140011034,0.01369917349039947,-0.0014169706572175584,-0.005073621502711411,-0.003087321660551187,0.0004095184196622226
168.5221945137157,0.004072794387454221,0.007277858477050532,0.005507205948999504,0.00590767726974079,0.016666145814166363,0.005253664666822013,0.010547608787276069,0.015500000953301908,0.0032685314302646385,-0.005786710160137991,-0.0027051651984098994,0.0017677621445332636
170.43721945137156,0.0014340553105312431,0.0029758288174077086,0.001095288731104757,-0.0012933091087441566,0.01111771893567312,0.001375404225628023,-0.0019170098187903661,0.0013320007634757079,0.0029109774127693837,0.0020254914392380053,0.015368550551252334,0.0037931694570467914
172.35224438902742,0.0003566461266520608,0.004956891483330865,0.001784921226684122,-0.0008331808663761776,0.007849252212587384,0.00020934049408523548,0.002118321133218943,0.004347381785930447,-0.0005029259326970983,0.011496542104265003,0.016179202837783516,0.009508695275916084
174.26726932668328,0.0014708753491192242,0.004731016159426151,0.005750327163754664,0.0017062562376637539,0.004132511260857835,0.0043494894188981685,0.008035116514967152,0.014150659436675546,0.0072203072758573825,0.015783918254796154,0.021408876507964754,0.012520267491454814
176.18229426433913,-0.0013348109663978162,-0.001525665264869761,-0.0016224792819600447,-0.003121970214189517,0.012975093976212264,0.00601262171493325,0.022447774316411435,0.04290725736749399,-0.0005096077532191824,0.006955319409565951,0.015267059260493867,0.00973674192810818
178.097319201995,0.0019771271712158605,0.0006537457987373771,-0.004694514528997428,-0.004878377100427741,0.018136642645804207,0.0054529065071044856,0.030097912476194626,0.04853853216662405,-0.00033193392974673145,0.006019904064106517,-0.011412202975313892,-2.034163078220036e-05
180.01234413965085,0.004264897308531486,0.0024604278536462286,-0.007835619940426529,-0.006976199740170928,0.037700881973753965,0.008552368208135083,0.011853406441469296,0.014199235112327582,0.0033081040247233975,0.00937212662115938,0.0024785494434613675,6.887690933209637e-05
181.92736907730674,0.006948277804353057,0.002022493431693748,-0.005065325967230187,-0.007480560115594339,0.002998451301650376,0.0067031783294541295,0.002214419349007483,0.004131834449559492,0.003452582788370101,0.0033388612310361596,0.02697526518544877,0.009022790767206492
183.8423940149626,0.011637578586471731,0.0030041773076914953,0.0014720256948945,-0.005244878468193348,-0.002535503016916851,0.004972276731991544,0.002904453779991917,0.0018426606964995025,0.005441218527374005,0.022899155480388195,-0.001654331110853539,-0.0002441472791776876
185.75741895261845,0.01548402320236629,-0.0005734127421503951,0.0020910891359717403,-0.002588592209403201,0.009347575231325829,0.006210739501939519,0.01137865753536451,0.005539345419820901,0.0068831597089349175,0.006944284431605094,0.02146107760873122,0.008585820474255554
187.67244389027428,0.04155224333039576,0.006135570837866801,0.010880764781753528,-0.005104973575618293,0.01759302641468793,0.008031027096088038,0.024675340933604992,-0.0030179037905624165,0.018487088852280027,0.0012626554638083694,0.020768793418834943,0.0016752789525057484
189.58746882793014,0.10754874033559714,0.00740215539807714,0.03438153652449542,0.0002675252091017112,0.0353510250036164,0.008861828277377639,0.06426802587038088,0.004319783940762794,0.049163756618800826,0.009347737678140159,0.06228683499207874,0.00204508153350146
191.50249376558602,0.24287901737086964,0.009444658122402801,0.11658700868319853,-0.007418775632004584,0.09248349495962266,0.005376357025331406,0.16427996488705848,0.013976711044062928,0.14175793832624198,0.009236979410636744,0.17894413887123212,0.002214355985268105
193.41751870324188,0.39134060263480747,0.003534403180486345,0.29939880220713483,-0.0003353514613285463,0.2575688214732527,0.009847541672000719,0.3166917683472036,0.003911520061029201,0.3126824023109758,0.011233956465375006,0.33331106087535606,0.0031855272951670627
195.33254364089774,0.45709878004752785,0.006288917025524008,0.46314006731612695,-0.0006932233528546198,0.42098822792548307,0.009390017885724114,0.42457083589453015,-0.0033404838602663855,0.45282527141981793,-0.0013995527296082019,0.4169754933511626,0.0007670001654662572
197.2475685785536,0.4795710366994203,0.0060645287096529905,0.5000327550276878,-0.004512957061721556,0.45042833558979584,0.0052556578503799075,0.4683420466294325,0.004316393562445235,0.5009955597653073,0.0022352675899906774,0.4290158357929826,0.0017855451046851416
199.16259351620948,0.5301079984246384,0.004841078334917214,0.523213182320061,-0.004577684191074005,0.4820838536081723,0.004973218617441207,0.5365381965039817,0.010875363106374835,0.5469110338766349,-0.002269640874368906,0.4874014429693189,0.004228513976513426
201.0776184538653,0.5937377706197526,0.006913531612996427,0.6207706259874157,-0.005156575863612363,0.6059029088752461,0.00544822985669184,0.6192140684933858,0.004769856563467365,0.666230627234737,0.008787801125136096,0.6149167597159112,0.0027419684876120736
202.99264339152117,0.6803236979924054,0.0027794140589030834,0.7015326897402623,-0.008442789033597197,0.7211161053625222,0.004278293209215313,0.6982131072047403,0.009921667050216274,0.7817214240198126,0.007076709731402695,0.747830249358368,0.0011501326024657315
204.90766832917703,0.792578550794901,0.00959007662366081,0.7367130976839386,-0.0014759564262420842,0.7791312327600532,0.004526099613342762,0.8056239255524364,0.023747526515241178,0.8867975005955341,-0.00031147524132406937,0.9090646884887095,0.006981515936918978
206.82269326683289,0.8837854453065265,0.008027881745258899,0.7961186829146655,-0.006903412861873978,0.8244279264160629,0.0016038358018061324,0.9306696012008273,0.018910856737201456,0.9718451594086824,-0.003943491778087112,1.0,0.010344318532282858
208.73771820448877,0.9275477205282192,0.0017413976496870323,0.8781004993938788,-0.005939764862354701,0.9134485209930282,0.0023529908884328643,0.9929059971829393,0.0029050583334780493,0.9723166611671087,0.002295244962060755,0.9743812926941918,-0.00045498940655161935
210.65274314214463,0.9326134872505866,0.001281371872744021,0.9302980975951859,0.0022717389555565936,0.982250230824,0.002504967700839724,0.965746164921132,-0.00272900612371985,0.939612676967245,0.010734887395839653,0.9141968844928259,0.0007667058484287927
212.5677680798005,0.9338070763879871,0.004698440649547843,0.9295002287010845,0.004100272339235352,1.0,0.0038337440454309078,0.9064563943766605,0.013393525927856783,0.9082914851929497,-0.0036577042750732844,0.8692736637411721,0.0030563554746593706
214.48279301745632,0.943414322603372,0.00774460021317346,0.9201728806601329,0.00236225734046653,0.9779791852869735,0.006171631412209851,0.8955078379359526,0.011442201757601196,0.9262404463773607,-0.00212558522450468,0.8852619150954486,0.0038811400728584185
216.3978179551122,0.9536565840192132,0.003577825161048303,0.9421657318916339,-0.0009982683185917464,0.9431663145769731,0.005435944037797482,0.9347492491925024,0.007811558461564703,0.9497492856769264,-0.0031794614077258294,0.9280158902340274,0.0007534830804433778
218.31284289276806,0.9702294386985992,-0.00033202234234546,0.9770703538091337,-0.006339649447281796,0.9401484597894569,0.002074015181893127,0.958578785084787,-0.0003235225283907163,0.9547363961592149,-0.005207909475857834,0.954718084485999,0.0016724723750596543
220.22786783042392,0.9900820973100641,0.0005469543099163863,0.9907401644478525,-0.007723299204553337,0.9549823678330926,0.0022065820362068235,0.952771844314344,-0.005250315054306853,0.9609013760928016,-0.010408930824736462,0.9165288727550881,0.0014105293343192426
222.14289276807978,1.0,0.0007392780007874757,0.9812396504981886,-0.01152012322075299,0.9692150768392763,0.000585695378221475,0.9281196415830275,-0.00386117259211359,0.9481632549344645,-0.009011039702966413,0.8732187741188387,-0.0004964609584156007
224.05791770573566,0.9980312337656124,0.001578935676358164,0.9745705070694873,-0.002808048451089983,0.9684193835459146,0.002583000739470563,0.9148907186496996,0.004954753217221047,0.9622430028482377,0.0005532305026803133,0.8849176246977962,0.0017498295786012939
225.97294264339152,0.9848786806558606,0.0054122868373545855,0.9703939303504854,-0.001809631844112676,0.9566911054208623,0.0008536579645508175,0.9222276323738321,0.00834056183706151,0.9693753810813518,0.009334680739592205,0.9278928677077134,0.010796361268492026
227.88796758104738,0.9778344675540727,0.002670045368918043,0.9664469943390392,-0.0003571121139066699,0.9531971574775375,0.002139287885643931,0.9231658432395672,-0.003943648709116468,0.9764749285936865,0.004071276092599714,0.9646535158996755,0.004377026521209384
229.8029925187032,0.983904834443768,0.008344981681182714,0.968520875733484,-0.004852097619571753,0.9435409683124977,0.00042325135908743023,0.9217351016719741,-0.007413792514378701,0.9959483007358074,-0.008397463074655572,0.9703018997255918,0.0027903305155250902
231.71801745635906,0.9941874519263845,0.004056020895251987,0.9863239367401673,-0.006565570769389717,0.9496862336421568,0.00040813010761200116,0.9234038704183922,0.0021834124249604913,1.0,-3.808744525644923e-05,0.9795600628423364,0.00045705015017933633
233.63304239401495,0.9761026426443022,0.0006153598585860796,1.0,-0.0016131154823427428,0.9795818112481236,0.0027686347129263628,0.9133587412703539,-0.0014508087875988998,0.988951753079553,0.004107899599535947,0.9741949822210249,0.00030967242284958026
235.5480673316708,0.9257907481014371,0.0005937166807342402,0.989541280409656,0.0008735807040972275,0.9855744025947832,-0.00027325092887957596,0.8755260165051868,0.0023803445016122326,0.9590509693195948,0.0038905607813268625,0.9485502680770026,0.0007753345955005002
237.46309226932667,0.8951987737606785,0.008427520583186165,0.941311023294728,-0.008233391017160502,0.9373979252466322,0.003618450982186369,0.8218009036451809,0.01258549152063658,0.9131749301058336,-0.002107202301286915,0.8854790952070287,0.004104292287904831
239.37811720698252,0.9022164405341961,0.006069180081267948,0.8937106101373655,0.010307601960868157,0.8679004001863163,-0.00023603915703516822,0.7894084524482794,0.019631225379053555,0.8736371764267661,0.011154292417081515,0.829942204594703,0.007608680799709066
241.2931421446384,0.9176235181948489,0.0015800853070538224,0.8880376767907399,-0.00298849720182979,0.8453602909703392,0.0018473065644473434,0.784604061088958,0.014101351603468027,0.8631335893497372,0.012917094304074929,0.8265934347381689,0.0035079126395667066
243.20816708229424,0.9094849701023611,0.004401689678990307,0.9146092241688345,0.003338200822273166,0.8576474750398505,0.002080392252271735,0.7800517209928092,0.006474616636771469,0.8633615048596743,0.015338411666745764,0.8330422807488845,0.004217566989787984
245.1231920199501,0.8807107900948236,0.0071244048445146604,0.9278703939257597,0.005324067721274508,0.8762974423000667,0.001911159275899819,0.7646898601698916,0.005566663544548603,0.8475266024688167,0.003384977470942693,0.8284020273025846,0.009787722819787513
247.03821695760595,0.853393674736104,0.013599831223197361,0.9152712790867855,-0.009678554678213918,0.8707384788301574,0.00034716126219633893,0.7429271032671175,0.0077845275060985444,0.8077577070877815,-0.0015648709919236438,0.7936077408262665,0.011469336799267907
248.9532418952618,0.8100025096047567,0.022413241998095693,0.8936436829718593,3.9321056101372454e-05,0.8573035135317515,0.0032043180724831842,0.7053309455013631,0.01547742151621237,0.7731778270557669,0.0010188446372103289,0.7462813632521476,0.014087664761646815
250.8682668329177,0.7307415923529118,0.027977281614249103,0.8654934908714039,0.0011697882381830587,0.8485998484948821,0.008273951246333521,0.6325271642706691,0.015128736549589196,0.7337642884876905,0.007505414994181377,0.6813298692320027,0.01874882557211149
252.78329177057356,0.6302743016582334,0.04564195135559011,0.8121090792918986,0.008471610813528199,0.8083450899842434,0.009353633266499111,0.5501310158924675,0.023491292350639074,0.6690699194888162,0.012378557872759597,0.6269080579350239,0.028969190181550454
254.6983167082294,0.5367597732399848,0.10636424541872594,0.730641467635096,0.009721578161937073,0.7220744213932426,0.016068909841237315,0.4962392407422287,0.061896678508531464,0.5910725677993969,0.03150261336659592,0.569051689870534,0.050266578858833025
256.61334164588527,0.4295083700950801,0.23754207300410812,0.6459863097976106,0.02930665323350854,0.6194038009664069,0.026968082961070342,0.4479401167801535,0.17278879685654275,0.5140528071660924,0.09388862515443847,0.47774827387417507,0.11758004649418344
258.5283665835411,0.2896360068714347,0.43565900652839407,0.5701908203412046,0.09642147662070885,0.5419439089734319,0.06875359785871951,0.36062916846109067,0.3602518457773384,0.43009550405387253,0.21374926226687616,0.39241119417464354,0.23462377230759882
260.443391521197,0.15306055647242192,0.6534250266668798,0.4748743766597024,0.2374718453119835,0.4682086365793474,0.19095172433576216,0.23405623603373477,0.5780713393387804,0.31371977576353144,0.39242535152981944,0.296754694522325,0.3983630542104975
262.35841645885284,0.0674182365214728,0.7852818633905888,0.3339926221300931,0.45174770460813,0.3466233859877259,0.4002406805050419,0.11469114813906157,0.7512825192376245,0.19049003875101703,0.5709504865815981,0.17439200274122896,0.5710882150169054
264.2734413965087,0.028280807075409763,0.8256541160620521,0.17996073899486362,0.6491468099990731,0.1939662054038454,0.6093795384706645,0.04343289641756367,0.8266292904608431,0.09566832224600766,0.6966517990514708,0.07648616037248814,0.6848418767463401
266.18846633416456,0.012572349365784469,0.8550962204182102,0.06578925058778216,0.7659653035324459,0.07906175729448175,0.7347412009602812,0.01619997900882848,0.8575034340296184,0.03695103736497023,0.7558389382193602,0.023397875360951812,0.7647522094464961
268.1034912718204,0.006746639873983993,0.9121204522975139,0.021292139145965554,0.8297635676971542,0.02648857793376791,0.7856049324502422,0.007137962820665705,0.882170813535013,0.016192648042583378,0.7922099520242978,0.005166706950340752,0.820126814725092
270.0185162094763,0.003845066575935792,0.9711942754159,0.011938780805500345,0.8847029388529332,0.010020928336773365,0.8265957955480988,0.007554618120633113,0.911135248018312,0.009542355211552504,0.8331317687590667,-0.004864509366196453,0.8677777635961079
271.93354114713213,0.0029651265717399572,1.0,0.003123262762592088,0.940977864753149,0.005002952322683602,0.8993747978852062,0.006353632768564055,0.9412430885009134,0.0022458715217121023,0.8846139875953704,-0.0006866823310781922,0.9115145684123938
273.848566084788,0.004602321745016545,0.988765040108828,-0.004719462223022399,0.9761694441529072,0.0006990964842092974,0.9508412454370063,0.001673065653274317,0.9515762473519939,3.883654675289355e-05,0.913038345082517,0.010994093923412879,0.9166987738335187
275.76359102244385,0.0051713863697542,0.956020926224409,0.0049489819964003085,0.9869860368763347,-0.0008039402701034728,0.9533312524648508,0.003444528690164982,0.9445769904506365,-0.0010089469978489865,0.9143801490454385,0.0010407835932195217,0.9310162897923535
277.6786159600997,0.000638219378364176,0.9444630201773823,0.0041594043201941345,0.9726657190549147,0.0037751547280975217,0.9229948852602199,0.0046393825774305435,0.9534055936732655,-0.002127815054469514,0.9256098003337985,-0.0006399047787732052,0.9389774332035165
279.5936408977556,-0.0012317233712500228,0.9721888549402177,-0.0061838810008438185,0.964424593329239,-0.002802275262342395,0.9103194332692963,0.00898458103465353,0.9807438817531513,-0.0014141541807353988,0.9388422151334606,-0.002058124845034264,0.9707962308722338
281.5086658354114,0.00026453812721318647,0.9989461067908534,-0.0008725968187205774,0.9778795950684227,0.00315563496457086,0.9391711286335004,0.004973613440121373,0.9974903305595582,-0.0020457072990323765,0.9795978697379388,-0.0007390208125309038,1.0
283.42369077306734,-0.000689319646739511,0.9889999365723955,-0.00233303574505564,1.0,0.006324690600939567,0.9839188395388229,7.308691027649306e-05,0.9969563870817777,0.0025361931307838538,1.0,0.0023795028719708765,0.9979344982280269
285.33871571072314,0.00036512773044976554,0.9683129141783742,0.0003585111246689237,0.9970759406832308,0.011787760801134932,1.0,-0.004294142758464968,0.9786704840766903,8.619398934634522e-05,0.9841451477635693,-0.00045199158635913394,0.9726835227622613
287.25374064837905,-0.0014536760274035682,0.9556641568306291,-0.007506237767344596,0.9740383526973729,0.00026321504841767766,0.9663094265962382,-0.0018763802915144857,0.9562315391539651,-0.00047453166788728106,0.9665512567305409,-0.0006222761799327161,0.9288367217595908
289.1687655860349,-0.003412863406154051,0.9372464925714266,-0.0013935700954550362,0.9596998875366877,0.0016122225835012056,0.929742215488494,0.00016466560155741178,0.9482357312313726,-0.002404424281840112,0.9361618102670713,-0.0036457313078014854,0.9168624880416474
291.0837905236907,-0.001901598217113076,0.9289452012490594,-0.002028490127010979,0.9539753913792383,0.0009564069733528415,0.9180476242189934,0.0014275526705572596,0.938239972580525,-0.0010073938099423117,0.9071334362303951,-8.821008277117525e-05,0.9023624580860528
292.9988154613466,-0.002310394570255901,0.92409454794054,0.003658135762761552,0.9405229051511168,-0.00045621319332402754,0.9154357543381418,-0.0005115952251673055,0.9047266249300232,-0.0005272412778016303,0.8677054892098001,0.0022364345404427065,0.883408610730066
294.9138403990024,-0.0027434153929139123,0.8948552641220475,0.0038806654338317875,0.9200526928617269,-0.0035756988747534654,0.8943685154739737,0.0004918813815538007,0.8549877376865731,-0.0007505724755737194,0.8382745244512909,0.0011159508558227426,0.8327008942536306
296.82886533665834,-0.0007016645533537508,0.8468658830898652,-0.0055248301014705495,0.898837530731547,0.0093667704355014,0.8573739640501195,0.004634160025461894,0.8037772602807134,-0.0006347486902919247,0.8129301660375915,0.0039298575621069965,0.7702305284868014
298.7438902743142,-0.0015664576267551923,0.8053910003157958,-0.002846511494270902,0.8713592260557731,0.007905086021645993,0.8208703631865757,0.004212208623208688,0.7634277531282015,-0.001420006556071459,0.7654481721782342,0.003405792955750877,0.7319382272226319
300.65891521197005,-0.0029385853616018852,0.7718559014329701,-0.0021092165600882225,0.8394060821369866,0.00395696858280454,0.7787345461283407,0.0028589510337336506,0.7371613189084849,0.0004389752404656854,0.7216723827135846,0.004573963503027493,0.7145656351843483
302.5739401496259,0.00023033772143952962,0.7452636830067696,-0.0009145345906880842,0.795871879937317,4.997581359238037e-05,0.7345447103408241,0.0018541478803957266,0.7047493696898577,-0.00032896839008696643,0.6829929994536095,-0.00024933422210232956,0.709156412349448
304.4889650872818,-0.002261595953377253,0.7265657482144329,0.003213192207800745,0.7480120509248356,-0.003934345147136413,0.7022822824161968,-4.4735688990664175e-05,0.6632933445378458,0.0013516358528037316,0.6585316034394393,-0.00031781896237763736,0.6782588389473929
306.4039900249376,-0.0015757945397818721,0.6841976889108868,-0.0028354801419592443,0.7107636155903464,-0.0012206075205573757,0.6742784698951328,-0.0007497991941092731,0.6151009010018273,0.0018129894193900902,0.6310332547669942,0.005444972991935404,0.6412915631266464
308.3190149625935,0.00067636502380888,0.6196204410542867,-0.0007120680075945706,0.6739487410441056,0.0015415699986307523,0.6421863354810013,0.002242679848821486,0.5536956454357953,0.00025357329609874307,0.5864782567378002,-0.001779409823681382,0.5957230265411159
310.23403990024934,0.0020259288998736797,0.5463615796863599,0.005918103362756516,0.6222917933770792,0.0023327702286768466,0.6102358891460147,0.00254418356851559,0.4939505841230099,0.00020879812051190238,0.527711576004119,0.0017069291699453027,0.527894955725207
312.1490648379052,0.0034264467188448514,0.4638439246397624,0.0015706806463647593,0.558917870752924,-0.0013315727776911715,0.5668251641679598,0.0041376277023721045,0.4375997622252302,-0.0038786797587231706,0.44164528291710464,-0.003951049954287776,0.44470358800492243
314.0640897755611,0.0034452681462259914,0.3646321933524425,0.0006493473762746216,0.49629973777987224,0.0016625039142630037,0.496799838058272,0.0018677247386207387,0.36726256565462717,-3.073204505358732e-05,0.3428973652402111,0.0015294562486792625,0.36047163343288263
315.9791147132169,0.0017190574606238587,0.26550775884054084,-0.003494334975917354,0.43098151658222655,0.01407265835816573,0.4159806022710687,-0.0037790536413320544,0.27263715562838814,0.004876036078844703,0.2508283749847193,0.0031971334095753767,0.3050191725408113
317.89413965087283,0.0013721425723529068,0.18705712291856616,0.001992547747992913,0.351661155091467,0.010846085461965551,0.33395606629883684,0.0018076723438989533,0.17163390674800694,0.0012764963868084176,0.17446638362952213,0.010352236867252153,0.2341483105762685
319.80916458852863,-0.0006939092525647237,0.11786264937704619,-0.0005737686349576545,0.25694307311698833,-0.00295560904317335,0.24714662369511395,-0.0005840438178322002,0.09016767051251648,-0.002695693626204751,0.11245632352342762,0.006211900432914911,0.14160072900726026
321.7241895261845,0.0007198327098498603,0.06155838482656698,0.004962464349275504,0.1589608890600904,-0.004713706821665889,0.1696257772667865,-0.0031738597201646716,0.03983128928702317,-0.0008075320736062991,0.06030215381095727,0.0072591489948650645,0.07045015268835435
323.6392144638404,0.002259642193926997,0.03027547957077948,-0.005550049124122771,0.07895521544909555,0.0024062235470089853,0.0987977730187018,0.0033034623988834133,0.02203109449747235,-0.0005835859489443223,0.02048427619883606,0.0005424173845514532,0.02804320694796679
325.5542394014962,0.001211981810286207,0.012372753587651155,-0.009658666170267552,0.031032643099568408,-0.0002756789762152241,0.05178356664134653,0.009296464782143316,0.02373015486931561,-0.001811358333273278,0.002233100818995567,-0.0010677951988869274,0.009148703366582753
327.4692643391521,-0.0001007081003471796,0.002685032415973151,-0.008045873019737042,0.008052981966025937,-0.006384531401781428,0.023212583197048133,0.0013843253345853773,0.009557768670860101,-0.00362804622122984,0.0013117751471696554,-0.0021185481168590793,0.0011467378427320138
329.3842892768079,0.0006587556239513757,0.0020720606947755298,0.001796136974547389,0.0047517036894619375,-0.0025173177194837775,0.010543776043816688,-0.0020261575982902834,-0.0007671151123790007,0.0006241960812033287,0.0027672857494976943,-0.0025081197698421528,0.0003200926306945851
331.29931421446383,-0.0006016356707841074,0.001812819968044498,0.001954502211510875,0.003006210301863078,-0.0017458247301415924,0.00640527795831299,0.00126433831391314,0.004660473645094573,0.000927626348374899,-0.00017637930629214714,-0.0043498320656055744,0.0006986634715078014
333.2143391521197,-0.0013743295116860096,-8.497882042019749e-05,0.004941672306826558,0.005191314117912297,-0.0026033345399852363,0.002123841781712285,0.003197230292083231,0.008696874136141513,-0.0002722039345861662,-0.001858553196237526,0.004744800904108836,0.004877942835902013
335.1293640897755,-0.0027215980697324954,0.0018402233286176014,-0.0004750875903343537,-0.001724091291244984,-0.0016576358331833652,0.004170482587179662,-0.0017823800465764845,-0.0008022003895099012,-0.0016136133074098498,-0.004586702569301812,0.004322581679608546,0.004280631841142106
337.0443890274314,-0.0012168850293577086,-0.002334791277018031,0.003418135791672176,-0.0016433624503235185,-0.004463052289326647,0.004410332474886609,-0.003105740234296573,-0.005157789806690329,-0.0011156490810723077,-0.0019489615614655246,-0.006145551686465279,-0.00170926894327529
338.95941396508726,-0.0007222419132062446,-0.0014150836385618793,-0.0009701353727734148,-0.007816209727009875,-0.00595744586361749,0.003048217735797243,-0.006297814863787444,-0.0049451183707536536,-0.001604185901862768,-0.008084800462398355,-0.0012507019723910831,0.0017437285306847474
340.8744389027431,7.403209801785678e-05,-0.0030774354627352324,-0.0006890950076579107,-0.0067810320283060105,0.004094453399641716,0.0022533744488890555,-0.004243829083835334,-0.0034778256066874966,0.0013387476465642235,5.520281122752149e-07,-0.005888475465982021,0.0008960156376641376
342.789463840399,0.0002715928027185506,-0.004424473697434719,0.00018699523540228246,-0.0014500076957905685,0.004161386474106473,0.0007087900255004289,-0.0036027201907887388,-0.0056664812367408475,-0.0002115884651174447,-0.008710036392938297,-0.007439530287737923,3.9052112813264005e-05
344.70448877805484,0.00038487513771804895,-0.0013579931413789182,0.004785668155266257,-0.000636964068429179,0.00607551442346214,0.0024829525405190077,-0.0012589561465537907,-0.0033721403637723617,0.0013322074296006963,0.005484843615633012,-0.005405904010325505,-0.0010321085724937882
346.6195137157107,-0.002920610980341599,-0.0030698025435194213,-0.0019172962224057537,-0.008137794654389722,-0.002295740891865688,0.0030188248401093647,-0.002189186476729295,-0.005869222929840849,0.0032870178635292656,0.00701649280905944,-0.0022097297834774376,0.0021792269195693007
348.53453865336655,-0.0013483645368575312,-0.0012775335399988113,0.002556159052813345,-0.0012279579608243133,-0.009143706646493473,-0.0002876305404557774,-0.004812868119779101,-0.006266118713079137,0.0008535373229750701,-0.00013556413893080687,-0.005203740266441672,0.002106106307258782
350.4495635910224,0.000451343389504496,0.004761924617777895,0.00268333276644209,-0.001749299632608743,-0.010459092240585948,-0.000537970890112378,-0.0019025877464645563,-0.0034499284959569427,-0.0004390515208182665,-0.003945505771242183,0.0002887495616165175,0.004124926969815816
352.36458852867827,-0.0003147830311986905,0.0008957807013403373,-0.00906434461676157,-0.008739413118928265,-0.004530804729711352,0.0016672973184978892,-0.0020300291741018237,-0.006533957682492403,-0.0017375716876970127,0.000543260895587115,-0.006674258293301768,-0.0025262876483449484
354.2796134663341,0.002586225838364764,0.0016410494426539993,-0.0016049158070454688,-0.007552428630590393,-0.006567086309791599,-0.00026003503014347657,0.005656558156990181,0.011852012621777704,0.0021996434181663703,-0.00018020383958887456,-0.009185429514645986,-0.0021267076937035935
356.19463840399,-6.110498615438003e-05,0.00030617284235293394,0.006241622547696276,-0.0008346380111191532,-0.003058346974713595,-0.0006733554685190132,0.002232086569531222,0.002202246129458277,0.006669332392660186,0.00596462851433541,-0.003616046671511259,-0.0011029863236970679
358.1096633416459,-0.0035731576317059475,-0.0019470597034746968,0.0037416260765444744,0.0012979630655736516,-0.006906583011137927,0.0007054479616454612,0.00043264569694169625,0.0037661997982819527,0.005189391584100134,-3.9935095446230756e-05,-0.0004177524426647512,-0.0022325979496548754
360.0246882793017,-0.0021647559564278553,0.002069269062297978,0.011299150676905938,0.012750025322393565,-0.008087423527052197,-0.00016389999983441034,0.0003615229059993488,0.0023565216246529083,0.0008638120738459296,-0.0055248700728396305,-0.0020326113597338344,-0.0006278670539777253
361.93971321695756,-0.0052943605562012245,0.002299547570678402,-0.005276299767977749,-0.0061203502008179865,-0.00773934417981521,0.0012462856555013565,0.0017458912084738606,0.0034542653030663305,-0.0003675453409364386,-0.001912797106476296,-0.009333245667871495,-0.0018084974270631891
363.8547381546135,-0.003183242963278394,0.0024226278876830266,0.0028221338309601857,0.00104384976230561,-0.005499042636691011,8.531334327516979e-05,-0.0015494448866481335,-0.002277801644021726,0.0005687395286726134,0.0017757400456950621,-0.009370731410280343,0.0009729413878459224
365.7697630922693,-0.0075004240907718955,-0.002951616177230147,-0.0036382816558459415,-0.004756670670232494,-0.0016382151829246801,0.000795900214842544,-0.0040835278039156086,-0.006907362990998572,-0.0010542408984345105,-0.007293484277392625,-0.005094679108758354,0.0010604985356388818
367.6847880299252,-0.005848772747403638,-0.005914601163997941,0.010978377391268184,0.011855516053923612,0.0038837424094373576,0.001787844081317406,-0.0027594171641628076,-0.008900250630398107,-7.308240974063072e-05,0.0015754706314673123,-0.009012523154875735,-0.0018775923470015063
369.599812967581,-0.00271644375896896,-0.001270963073647004,0.006685550055323131,0.007289884219850986,-0.006588823719335916,0.00017142338251815973,-0.004815776548100873,-0.008047330533016863,-0.00021040637782844264,0.0011441608906591885,-0.008345098317204067,-0.000270355486969583
371.5148379052369,-0.0013683932848074186,0.0016553825536093825,0.007739262282671248,0.005589516600417873,-0.009563917550865806,-0.0016149201971258327,-0.0008524562201258652,0.0027004522589595403,-0.00397432033178215,0.0011654898546632634,-0.014439912537993005,-0.0026267274523311176
373.42986284289276,-0.0013496941278267646,-0.001796005593805056,-0.0031757314928148954,-0.008561620169717942,-0.004450637282529941,-0.0017971009116829776,0.0030622556752168653,0.008507924217057336,-0.0013442827411999844,0.005717763993513878,-0.00012613220786435774,0.0022046816796501634
375.34488778054856,-0.001975227103720538,-0.0006966032227170562,-0.000982920371795454,-0.0054841267484855615,-0.008128755751534093,-0.0004269794225126795,-0.0017405063911883462,-0.00038834637592591835,-7.952500582025268e-05,0.0019091915495489252,0.0014512962654644192,0.007084452056547667
377.2599127182045,-0.002065739300331367,-0.0014749057435220622,0.008228492426914749,0.003971792158035259,-0.008784854058825658,-0.0009852500376672257,-0.00034483003180670047,-6.472506651390101e-06,0.0029259864768102157,-0.0008989102124843068,-0.01157606510972891,-0.00024788124675485356
379.1749376558603,-0.0021869644672631843,-0.0026046209090018323,-0.00041488536965178204,-0.0016744143197715761,-0.010258982375134345,-0.0030357910590930433,-5.353911415736533e-05,-0.0008543333312514619,0.003998764974764845,0.0016349832616442983,-0.010584660596996621,-0.0012531364523833272
381.0899625935162,-0.0013807847034152496,0.000838872873897188,-0.0052308029179225415,-0.0027862014235798035,-0.0035563315376398725,-0.0020021929900249625,-0.005157618552992357,-0.006303860566511514,-0.000941016787246046,-0.007122009738037265,-0.005828496363606802,0.0037812670858813546
383.00498753117205,-0.0021586997520702846,-0.003034879912746615,-0.007017548773438128,-0.0062129876837069,-0.0061572806897306,-0.0005141529411443957,-0.005044612411913874,-0.005837572255081538,-0.0028392119645080922,-0.006011792850601312,-0.004933418525751589,0.0080394754841299
